target_word,subcategory,final_generated_cue,image_prompt,raw_image_path,mobile_image_path,generation_status,error_message
火車,交通工具,需要購票才能登車,"a realistic 火車, clear full view, simple background, high clarity",c:\Users\804\Dtx_Projects\Aphasia_APE_Cue_Generator\results\generated_images_raw\交通工具\火車.png,c:\Users\804\Dtx_Projects\Aphasia_APE_Cue_Generator\results\generated_images_mobile\交通工具\火車.jpg,success,
汽車,交通工具,需要車道才能行駛,"a realistic 汽車, clear full view, simple background, high clarity",c:\Users\804\Dtx_Projects\Aphasia_APE_Cue_Generator\results\generated_images_raw\交通工具\汽車.png,c:\Users\804\Dtx_Projects\Aphasia_APE_Cue_Generator\results\generated_images_mobile\交通工具\汽車.jpg,success,
自行車,交通工具,騎行方便，速度快，適合短途出行,"a realistic 自行車, clear full view, simple background, high clarity",c:\Users\804\Dtx_Projects\Aphasia_APE_Cue_Generator\results\generated_images_raw\交通工具\自行車.png,c:\Users\804\Dtx_Projects\Aphasia_APE_Cue_Generator\results\generated_images_mobile\交通工具\自行車.jpg,success,
高鐵,交通工具,需要刷卡才能進站,"a realistic 高鐵, clear full view, simple background, high clarity",c:\Users\804\Dtx_Projects\Aphasia_APE_Cue_Generator\results\generated_images_raw\交通工具\高鐵.png,c:\Users\804\Dtx_Projects\Aphasia_APE_Cue_Generator\results\generated_images_mobile\交通工具\高鐵.jpg,success,
公車,交通工具,上車後，找到自己的座位，系好安全帶,"a realistic 公車, clear full view, simple background, high clarity",c:\Users\804\Dtx_Projects\Aphasia_APE_Cue_Generator\results\generated_images_raw\交通工具\公車.png,c:\Users\804\Dtx_Projects\Aphasia_APE_Cue_Generator\results\generated_images_mobile\交通工具\公車.jpg,success,
摩托車,交通工具,騎行在城市街道上，感受風吹拂臉頰,"a realistic 摩托車, clear full view, simple background, high clarity",c:\Users\804\Dtx_Projects\Aphasia_APE_Cue_Generator\results\generated_images_raw\交通工具\摩托車.png,c:\Users\804\Dtx_Projects\Aphasia_APE_Cue_Generator\results\generated_images_mobile\交通工具\摩托車.jpg,success,
泡茶,休閒娛樂,將水倒入茶壺，加入紅茶包和糖，輕輕,"a realistic illustration of the action or activity 泡茶, simple scene, high clarity",c:\Users\804\Dtx_Projects\Aphasia_APE_Cue_Generator\results\generated_images_raw\休閒娛樂\泡茶.png,c:\Users\804\Dtx_Projects\Aphasia_APE_Cue_Generator\results\generated_images_mobile\休閒娛樂\泡茶.jpg,success,
下象棋,休閒娛樂,盤上落子，棋局起始，靜候勝負爭奪,"a realistic illustration of the action or activity 下象棋, simple scene, high clarity",c:\Users\804\Dtx_Projects\Aphasia_APE_Cue_Generator\results\generated_images_raw\休閒娛樂\下象棋.png,c:\Users\804\Dtx_Projects\Aphasia_APE_Cue_Generator\results\generated_images_mobile\休閒娛樂\下象棋.jpg,success,
跳舞,休閒娛樂,在空曠場地隨意扭轉身體，與同伴互動，,"a realistic illustration of the action or activity 跳舞, simple scene, high clarity",c:\Users\804\Dtx_Projects\Aphasia_APE_Cue_Generator\results\generated_images_raw\休閒娛樂\跳舞.png,c:\Users\804\Dtx_Projects\Aphasia_APE_Cue_Generator\results\generated_images_mobile\休閒娛樂\跳舞.jpg,success,
唱歌,休閒娛樂,在空蕩的房間裡唱著歌，讓心情更加愉快,"a realistic illustration of the action or activity 唱歌, simple scene, high clarity",c:\Users\804\Dtx_Projects\Aphasia_APE_Cue_Generator\results\generated_images_raw\休閒娛樂\唱歌.png,c:\Users\804\Dtx_Projects\Aphasia_APE_Cue_Generator\results\generated_images_mobile\休閒娛樂\唱歌.jpg,success,
購物,休閒娛樂,在超市裡逛逛，看看你想買什麼,"a realistic illustration of the action or activity 購物, simple scene, high clarity",c:\Users\804\Dtx_Projects\Aphasia_APE_Cue_Generator\results\generated_images_raw\休閒娛樂\購物.png,c:\Users\804\Dtx_Projects\Aphasia_APE_Cue_Generator\results\generated_images_mobile\休閒娛樂\購物.jpg,success,
打拳,休閒娛樂,在公園裡揮舞手臂，感受風和陽光,"a realistic illustration of the action or activity 打拳, simple scene, high clarity",c:\Users\804\Dtx_Projects\Aphasia_APE_Cue_Generator\results\generated_images_raw\休閒娛樂\打拳.png,c:\Users\804\Dtx_Projects\Aphasia_APE_Cue_Generator\results\generated_images_mobile\休閒娛樂\打拳.jpg,success,
登山,休閒娛樂,在山頂遠眺，感受風景無比壯闊,"a realistic illustration of the action or activity 登山, simple scene, high clarity",c:\Users\804\Dtx_Projects\Aphasia_APE_Cue_Generator\results\generated_images_raw\休閒娛樂\登山.png,c:\Users\804\Dtx_Projects\Aphasia_APE_Cue_Generator\results\generated_images_mobile\休閒娛樂\登山.jpg,success,
散步,休閒娛樂,,"a realistic illustration of the action or activity 散步, simple scene, high clarity",c:\Users\804\Dtx_Projects\Aphasia_APE_Cue_Generator\results\generated_images_raw\休閒娛樂\散步.png,c:\Users\804\Dtx_Projects\Aphasia_APE_Cue_Generator\results\generated_images_mobile\休閒娛樂\散步.jpg,success,
看書,休閒娛樂,,"a realistic illustration of the action or activity 看書, simple scene, high clarity",c:\Users\804\Dtx_Projects\Aphasia_APE_Cue_Generator\results\generated_images_raw\休閒娛樂\看書.png,c:\Users\804\Dtx_Projects\Aphasia_APE_Cue_Generator\results\generated_images_mobile\休閒娛樂\看書.jpg,success,
看電視,休閒娛樂,,"a realistic illustration of the action or activity 看電視, simple scene, high clarity",c:\Users\804\Dtx_Projects\Aphasia_APE_Cue_Generator\results\generated_images_raw\休閒娛樂\看電視.png,c:\Users\804\Dtx_Projects\Aphasia_APE_Cue_Generator\results\generated_images_mobile\休閒娛樂\看電視.jpg,success,
削水果,動作,切開水果，準備飲食時,"a realistic illustration of the action or activity 削水果, simple scene, high clarity",c:\Users\804\Dtx_Projects\Aphasia_APE_Cue_Generator\results\generated_images_raw\動作\削水果.png,c:\Users\804\Dtx_Projects\Aphasia_APE_Cue_Generator\results\generated_images_mobile\動作\削水果.jpg,success,
洗澡,動作,早晨洗漱後，感覺更清爽,"a realistic illustration of the action or activity 洗澡, simple scene, high clarity",c:\Users\804\Dtx_Projects\Aphasia_APE_Cue_Generator\results\generated_images_raw\動作\洗澡.png,c:\Users\804\Dtx_Projects\Aphasia_APE_Cue_Generator\results\generated_images_mobile\動作\洗澡.jpg,success,
掃地,動作,早晨起床後，拖把開始工作，清理地板,"a realistic illustration of the action or activity 掃地, simple scene, high clarity",c:\Users\804\Dtx_Projects\Aphasia_APE_Cue_Generator\results\generated_images_raw\動作\掃地.png,c:\Users\804\Dtx_Projects\Aphasia_APE_Cue_Generator\results\generated_images_mobile\動作\掃地.jpg,success,
上廁所,動作,在離馬桶稍遠的地方準備好紙巾和毛巾，然後輕,"a realistic illustration of the action or activity 上廁所, simple scene, high clarity",c:\Users\804\Dtx_Projects\Aphasia_APE_Cue_Generator\results\generated_images_raw\動作\上廁所.png,c:\Users\804\Dtx_Projects\Aphasia_APE_Cue_Generator\results\generated_images_mobile\動作\上廁所.jpg,success,
吃飯,動作,早晨起床後，準備早餐，開始新的一天,"a realistic illustration of the action or activity 吃飯, simple scene, high clarity",c:\Users\804\Dtx_Projects\Aphasia_APE_Cue_Generator\results\generated_images_raw\動作\吃飯.png,c:\Users\804\Dtx_Projects\Aphasia_APE_Cue_Generator\results\generated_images_mobile\動作\吃飯.jpg,success,
量體溫,動作,正確地測量自己的體溫，確保健康,"a realistic illustration of the action or activity 量體溫, simple scene, high clarity",c:\Users\804\Dtx_Projects\Aphasia_APE_Cue_Generator\results\generated_images_raw\動作\量體溫.png,c:\Users\804\Dtx_Projects\Aphasia_APE_Cue_Generator\results\generated_images_mobile\動作\量體溫.jpg,success,
穿鞋子,動作,穿上鞋跟，開始新的一天,"a realistic illustration of the action or activity 穿鞋子, simple scene, high clarity",c:\Users\804\Dtx_Projects\Aphasia_APE_Cue_Generator\results\generated_images_raw\動作\穿鞋子.png,c:\Users\804\Dtx_Projects\Aphasia_APE_Cue_Generator\results\generated_images_mobile\動作\穿鞋子.jpg,success,
剪指甲,動作,早晨起床後，先整理床鋪，再修剪手指甲,"a realistic illustration of the action or activity 剪指甲, simple scene, high clarity",c:\Users\804\Dtx_Projects\Aphasia_APE_Cue_Generator\results\generated_images_raw\動作\剪指甲.png,c:\Users\804\Dtx_Projects\Aphasia_APE_Cue_Generator\results\generated_images_mobile\動作\剪指甲.jpg,success,
擦汗,動作,在洗澡時，擦拭身上的汗水,"a realistic illustration of the action or activity 擦汗, simple scene, high clarity",c:\Users\804\Dtx_Projects\Aphasia_APE_Cue_Generator\results\generated_images_raw\動作\擦汗.png,c:\Users\804\Dtx_Projects\Aphasia_APE_Cue_Generator\results\generated_images_mobile\動作\擦汗.jpg,success,
喝水,動作,早晨起床後，先喝杯水，再開始新的一天,"a realistic illustration of the action or activity 喝水, simple scene, high clarity",c:\Users\804\Dtx_Projects\Aphasia_APE_Cue_Generator\results\generated_images_raw\動作\喝水.png,c:\Users\804\Dtx_Projects\Aphasia_APE_Cue_Generator\results\generated_images_mobile\動作\喝水.jpg,success,
寫字,動作,拿起筆，在紙上寫下自己的想法,"a realistic illustration of the action or activity 寫字, simple scene, high clarity",c:\Users\804\Dtx_Projects\Aphasia_APE_Cue_Generator\results\generated_images_raw\動作\寫字.png,c:\Users\804\Dtx_Projects\Aphasia_APE_Cue_Generator\results\generated_images_mobile\動作\寫字.jpg,success,
睡覺,動作,早晨起床後，先換衣再洗漱,"a realistic illustration of the action or activity 睡覺, simple scene, high clarity",c:\Users\804\Dtx_Projects\Aphasia_APE_Cue_Generator\results\generated_images_raw\動作\睡覺.png,c:\Users\804\Dtx_Projects\Aphasia_APE_Cue_Generator\results\generated_images_mobile\動作\睡覺.jpg,success,
擦桌子,動作,在用餐後，將桌布收起，準備清理桌面,"a realistic illustration of the action or activity 擦桌子, simple scene, high clarity",c:\Users\804\Dtx_Projects\Aphasia_APE_Cue_Generator\results\generated_images_raw\動作\擦桌子.png,c:\Users\804\Dtx_Projects\Aphasia_APE_Cue_Generator\results\generated_images_mobile\動作\擦桌子.jpg,success,
摺衣服,動作,整理衣物，準備上床,"a realistic illustration of the action or activity 摺衣服, simple scene, high clarity",c:\Users\804\Dtx_Projects\Aphasia_APE_Cue_Generator\results\generated_images_raw\動作\摺衣服.png,c:\Users\804\Dtx_Projects\Aphasia_APE_Cue_Generator\results\generated_images_mobile\動作\摺衣服.jpg,success,
打噴嚏,動作,早晨起床時，突然發出清脆的聲音,"a realistic illustration of the action or activity 打噴嚏, simple scene, high clarity",c:\Users\804\Dtx_Projects\Aphasia_APE_Cue_Generator\results\generated_images_raw\動作\打噴嚏.png,c:\Users\804\Dtx_Projects\Aphasia_APE_Cue_Generator\results\generated_images_mobile\動作\打噴嚏.jpg,success,
煮飯,動作,早晨起床後，準備早餐，開始新的一天,"a realistic illustration of the action or activity 煮飯, simple scene, high clarity",c:\Users\804\Dtx_Projects\Aphasia_APE_Cue_Generator\results\generated_images_raw\動作\煮飯.png,c:\Users\804\Dtx_Projects\Aphasia_APE_Cue_Generator\results\generated_images_mobile\動作\煮飯.jpg,success,
咳嗽,動作,咳嗚聲在喉嚨裡響起，開始了清嗓,"a realistic illustration of the action or activity 咳嗽, simple scene, high clarity",c:\Users\804\Dtx_Projects\Aphasia_APE_Cue_Generator\results\generated_images_raw\動作\咳嗽.png,c:\Users\804\Dtx_Projects\Aphasia_APE_Cue_Generator\results\generated_images_mobile\動作\咳嗽.jpg,success,
綁鞋帶,動作,早晨起床後，準備好鞋子，將鞋帶打結,"a realistic illustration of the action or activity 綁鞋帶, simple scene, high clarity",c:\Users\804\Dtx_Projects\Aphasia_APE_Cue_Generator\results\generated_images_raw\動作\綁鞋帶.png,c:\Users\804\Dtx_Projects\Aphasia_APE_Cue_Generator\results\generated_images_mobile\動作\綁鞋帶.jpg,success,
綁頭髮,動作,早晨起床後，梳洗打扮，整理髮型,"a realistic illustration of the action or activity 綁頭髮, simple scene, high clarity",c:\Users\804\Dtx_Projects\Aphasia_APE_Cue_Generator\results\generated_images_raw\動作\綁頭髮.png,c:\Users\804\Dtx_Projects\Aphasia_APE_Cue_Generator\results\generated_images_mobile\動作\綁頭髮.jpg,success,
穿衣服,動作,早晨起床後，整理床鋪，準備開始新的一天,"a realistic illustration of the action or activity 穿衣服, simple scene, high clarity",c:\Users\804\Dtx_Projects\Aphasia_APE_Cue_Generator\results\generated_images_raw\動作\穿衣服.png,c:\Users\804\Dtx_Projects\Aphasia_APE_Cue_Generator\results\generated_images_mobile\動作\穿衣服.jpg,success,
聊天,動作,準備與家人朋友交流，分享今天的好消息,"a realistic illustration of the action or activity 聊天, simple scene, high clarity",c:\Users\804\Dtx_Projects\Aphasia_APE_Cue_Generator\results\generated_images_raw\動作\聊天.png,c:\Users\804\Dtx_Projects\Aphasia_APE_Cue_Generator\results\generated_images_mobile\動作\聊天.jpg,success,
拍照,動作,拍下全家福，留下美好記憶,"a realistic illustration of the action or activity 拍照, simple scene, high clarity",c:\Users\804\Dtx_Projects\Aphasia_APE_Cue_Generator\results\generated_images_raw\動作\拍照.png,c:\Users\804\Dtx_Projects\Aphasia_APE_Cue_Generator\results\generated_images_mobile\動作\拍照.jpg,success,
擦眼鏡,動作,早晨起床後，先檢查鏡子，再擦拭眼鏡,"a realistic illustration of the action or activity 擦眼鏡, simple scene, high clarity",c:\Users\804\Dtx_Projects\Aphasia_APE_Cue_Generator\results\generated_images_raw\動作\擦眼鏡.png,c:\Users\804\Dtx_Projects\Aphasia_APE_Cue_Generator\results\generated_images_mobile\動作\擦眼鏡.jpg,success,
刷牙,動作,,"a realistic illustration of the action or activity 刷牙, simple scene, high clarity",c:\Users\804\Dtx_Projects\Aphasia_APE_Cue_Generator\results\generated_images_raw\動作\刷牙.png,c:\Users\804\Dtx_Projects\Aphasia_APE_Cue_Generator\results\generated_images_mobile\動作\刷牙.jpg,success,
開門,動作,,"a realistic illustration of the action or activity 開門, simple scene, high clarity",c:\Users\804\Dtx_Projects\Aphasia_APE_Cue_Generator\results\generated_images_raw\動作\開門.png,c:\Users\804\Dtx_Projects\Aphasia_APE_Cue_Generator\results\generated_images_mobile\動作\開門.jpg,success,
貓,動物,"有時很黏人,有時愛獨處,個性多變","a realistic 貓, single subject, clean background, high clarity",c:\Users\804\Dtx_Projects\Aphasia_APE_Cue_Generator\results\generated_images_raw\動物\貓.png,c:\Users\804\Dtx_Projects\Aphasia_APE_Cue_Generator\results\generated_images_mobile\動物\貓.jpg,success,
雞,動物,家禽，喜欢吃谷粒和虫子，有时候也会在地面上啄,"a realistic 雞, single subject, clean background, high clarity",c:\Users\804\Dtx_Projects\Aphasia_APE_Cue_Generator\results\generated_images_raw\動物\雞.png,c:\Users\804\Dtx_Projects\Aphasia_APE_Cue_Generator\results\generated_images_mobile\動物\雞.jpg,success,
狗,動物,汪汪叫，跑在田野上，主人家裡會養,"a realistic 狗, single subject, clean background, high clarity",c:\Users\804\Dtx_Projects\Aphasia_APE_Cue_Generator\results\generated_images_raw\動物\狗.png,c:\Users\804\Dtx_Projects\Aphasia_APE_Cue_Generator\results\generated_images_mobile\動物\狗.jpg,success,
豬,動物,有時會拱背，有時會哼唧，喜歡在田間,"a realistic 豬, single subject, clean background, high clarity",c:\Users\804\Dtx_Projects\Aphasia_APE_Cue_Generator\results\generated_images_raw\動物\豬.png,c:\Users\804\Dtx_Projects\Aphasia_APE_Cue_Generator\results\generated_images_mobile\動物\豬.jpg,success,
牛,動物,有頭、有角、黑白相間，常在田間地頭,"a realistic 牛, single subject, clean background, high clarity",c:\Users\804\Dtx_Projects\Aphasia_APE_Cue_Generator\results\generated_images_raw\動物\牛.png,c:\Users\804\Dtx_Projects\Aphasia_APE_Cue_Generator\results\generated_images_mobile\動物\牛.jpg,success,
紅茶,喝,飲料店裡有售红茶,"a realistic 紅茶, clear food or drink presentation, plain background, high clarity",c:\Users\804\Dtx_Projects\Aphasia_APE_Cue_Generator\results\generated_images_raw\喝\紅茶.png,c:\Users\804\Dtx_Projects\Aphasia_APE_Cue_Generator\results\generated_images_mobile\喝\紅茶.jpg,success,
珍珠奶茶,喝,,"a realistic 珍珠奶茶, clear food or drink presentation, plain background, high clarity",c:\Users\804\Dtx_Projects\Aphasia_APE_Cue_Generator\results\generated_images_raw\喝\珍珠奶茶.png,c:\Users\804\Dtx_Projects\Aphasia_APE_Cue_Generator\results\generated_images_mobile\喝\珍珠奶茶.jpg,success,
豆漿,喝,,"a realistic 豆漿, clear food or drink presentation, plain background, high clarity",c:\Users\804\Dtx_Projects\Aphasia_APE_Cue_Generator\results\generated_images_raw\喝\豆漿.png,c:\Users\804\Dtx_Projects\Aphasia_APE_Cue_Generator\results\generated_images_mobile\喝\豆漿.jpg,success,
公園,娛樂場所,遊樂區有秋千和沙坑，小朋友們愛玩其中,"a realistic scene of 公園, simple and clear environment, not crowded, high clarity",c:\Users\804\Dtx_Projects\Aphasia_APE_Cue_Generator\results\generated_images_raw\娛樂場所\公園.png,c:\Users\804\Dtx_Projects\Aphasia_APE_Cue_Generator\results\generated_images_mobile\娛樂場所\公園.jpg,success,
電影院,娛樂場所,,"a realistic scene of 電影院, simple and clear environment, not crowded, high clarity",c:\Users\804\Dtx_Projects\Aphasia_APE_Cue_Generator\results\generated_images_raw\娛樂場所\電影院.png,c:\Users\804\Dtx_Projects\Aphasia_APE_Cue_Generator\results\generated_images_mobile\娛樂場所\電影院.jpg,success,
圖書館,學校,在學校裡有一個地方供學生借閱書籍，那兒通常,"a realistic scene of 圖書館, simple and clear environment, not crowded, high clarity",c:\Users\804\Dtx_Projects\Aphasia_APE_Cue_Generator\results\generated_images_raw\學校\圖書館.png,c:\Users\804\Dtx_Projects\Aphasia_APE_Cue_Generator\results\generated_images_mobile\學校\圖書館.jpg,success,
桌子,家具,圍桌而坐，共進餐食,"a realistic 桌子, single main object, plain background, high clarity",c:\Users\804\Dtx_Projects\Aphasia_APE_Cue_Generator\results\generated_images_raw\家具\桌子.png,c:\Users\804\Dtx_Projects\Aphasia_APE_Cue_Generator\results\generated_images_mobile\家具\桌子.jpg,success,
床,家具,,"a realistic 床, single main object, plain background, high clarity",c:\Users\804\Dtx_Projects\Aphasia_APE_Cue_Generator\results\generated_images_raw\家具\床.png,c:\Users\804\Dtx_Projects\Aphasia_APE_Cue_Generator\results\generated_images_mobile\家具\床.jpg,success,
衣櫃,家具,,"a realistic 衣櫃, single main object, plain background, high clarity",c:\Users\804\Dtx_Projects\Aphasia_APE_Cue_Generator\results\generated_images_raw\家具\衣櫃.png,c:\Users\804\Dtx_Projects\Aphasia_APE_Cue_Generator\results\generated_images_mobile\家具\衣櫃.jpg,success,
鏡子,家具,,"a realistic 鏡子, single main object, plain background, high clarity",c:\Users\804\Dtx_Projects\Aphasia_APE_Cue_Generator\results\generated_images_raw\家具\鏡子.png,c:\Users\804\Dtx_Projects\Aphasia_APE_Cue_Generator\results\generated_images_mobile\家具\鏡子.jpg,success,
砧板,廚房用品,使用時保持平穩，輕輕敲打,"a realistic 砧板, single main object, plain background, high clarity",c:\Users\804\Dtx_Projects\Aphasia_APE_Cue_Generator\results\generated_images_raw\廚房用品\砧板.png,c:\Users\804\Dtx_Projects\Aphasia_APE_Cue_Generator\results\generated_images_mobile\廚房用品\砧板.jpg,success,
鍋子,廚房用品,使用時注意清洗，保持鍋內乾淨,"a realistic 鍋子, single main object, plain background, high clarity",c:\Users\804\Dtx_Projects\Aphasia_APE_Cue_Generator\results\generated_images_raw\廚房用品\鍋子.png,c:\Users\804\Dtx_Projects\Aphasia_APE_Cue_Generator\results\generated_images_mobile\廚房用品\鍋子.jpg,success,
菜刀,廚房用品,使用時注意手勢和切割角度，確保安全與效果,"a realistic 菜刀, single main object, plain background, high clarity",c:\Users\804\Dtx_Projects\Aphasia_APE_Cue_Generator\results\generated_images_raw\廚房用品\菜刀.png,c:\Users\804\Dtx_Projects\Aphasia_APE_Cue_Generator\results\generated_images_mobile\廚房用品\菜刀.jpg,success,
原子筆,文具,輕輕一按，啟動智慧靈感,"a realistic 原子筆, single main object, plain background, high clarity",c:\Users\804\Dtx_Projects\Aphasia_APE_Cue_Generator\results\generated_images_raw\文具\原子筆.png,c:\Users\804\Dtx_Projects\Aphasia_APE_Cue_Generator\results\generated_images_mobile\文具\原子筆.jpg,success,
衣服,服飾&配件,冬天穿厚點保暖，夏天少穿露腳趾,"a realistic 衣服, single clear subject, plain background, high clarity",c:\Users\804\Dtx_Projects\Aphasia_APE_Cue_Generator\results\generated_images_raw\服飾&配件\衣服.png,c:\Users\804\Dtx_Projects\Aphasia_APE_Cue_Generator\results\generated_images_mobile\服飾&配件\衣服.jpg,success,
襪子,服飾&配件,冬天穿太多會累，夏天穿太少會熱,"a realistic 襪子, single clear subject, plain background, high clarity",c:\Users\804\Dtx_Projects\Aphasia_APE_Cue_Generator\results\generated_images_raw\服飾&配件\襪子.png,c:\Users\804\Dtx_Projects\Aphasia_APE_Cue_Generator\results\generated_images_mobile\服飾&配件\襪子.jpg,success,
帽子,服飾&配件,,"a realistic 帽子, single clear subject, plain background, high clarity",c:\Users\804\Dtx_Projects\Aphasia_APE_Cue_Generator\results\generated_images_raw\服飾&配件\帽子.png,c:\Users\804\Dtx_Projects\Aphasia_APE_Cue_Generator\results\generated_images_mobile\服飾&配件\帽子.jpg,success,
芒果,水果,帶有鮮艷黃色外皮和橙色斑點,"a realistic 芒果, single object, plain white background, high clarity",c:\Users\804\Dtx_Projects\Aphasia_APE_Cue_Generator\results\generated_images_raw\水果\芒果.png,c:\Users\804\Dtx_Projects\Aphasia_APE_Cue_Generator\results\generated_images_mobile\水果\芒果.jpg,success,
鳳梨,水果,帶有鮮艷的黃色外皮,"a realistic 鳳梨, single object, plain white background, high clarity",c:\Users\804\Dtx_Projects\Aphasia_APE_Cue_Generator\results\generated_images_raw\水果\鳳梨.png,c:\Users\804\Dtx_Projects\Aphasia_APE_Cue_Generator\results\generated_images_mobile\水果\鳳梨.jpg,success,
蘋果,水果,會在手中形成一個圓形,"a realistic 蘋果, single object, plain white background, high clarity",c:\Users\804\Dtx_Projects\Aphasia_APE_Cue_Generator\results\generated_images_raw\水果\蘋果.png,c:\Users\804\Dtx_Projects\Aphasia_APE_Cue_Generator\results\generated_images_mobile\水果\蘋果.jpg,success,
草莓,水果,帶有鮮艷紅色外皮和小巧圓潤形狀,"a realistic 草莓, single object, plain white background, high clarity",c:\Users\804\Dtx_Projects\Aphasia_APE_Cue_Generator\results\generated_images_raw\水果\草莓.png,c:\Users\804\Dtx_Projects\Aphasia_APE_Cue_Generator\results\generated_images_mobile\水果\草莓.jpg,success,
葡萄,水果,它的皮薄而多汁，常見於夏季餐桌上,"a realistic 葡萄, single object, plain white background, high clarity",c:\Users\804\Dtx_Projects\Aphasia_APE_Cue_Generator\results\generated_images_raw\水果\葡萄.png,c:\Users\804\Dtx_Projects\Aphasia_APE_Cue_Generator\results\generated_images_mobile\水果\葡萄.jpg,success,
香蕉,水果,皮膚光滑，黃色外觀，常成串販售,"a realistic 香蕉, single object, plain white background, high clarity",c:\Users\804\Dtx_Projects\Aphasia_APE_Cue_Generator\results\generated_images_raw\水果\香蕉.png,c:\Users\804\Dtx_Projects\Aphasia_APE_Cue_Generator\results\generated_images_mobile\水果\香蕉.jpg,success,
毛巾,生活用品,"需要定期晾曬,防止霉變","a realistic 毛巾, single main object, plain background, high clarity",c:\Users\804\Dtx_Projects\Aphasia_APE_Cue_Generator\results\generated_images_raw\生活用品\毛巾.png,c:\Users\804\Dtx_Projects\Aphasia_APE_Cue_Generator\results\generated_images_mobile\生活用品\毛巾.jpg,success,
牙刷,生活用品,"需要定期更新,保持衛生","a realistic 牙刷, single main object, plain background, high clarity",c:\Users\804\Dtx_Projects\Aphasia_APE_Cue_Generator\results\generated_images_raw\生活用品\牙刷.png,c:\Users\804\Dtx_Projects\Aphasia_APE_Cue_Generator\results\generated_images_mobile\生活用品\牙刷.jpg,success,
洗髮精,生活用品,"需要定期使用,保持頭髮健康","a realistic 洗髮精, single main object, plain background, high clarity",c:\Users\804\Dtx_Projects\Aphasia_APE_Cue_Generator\results\generated_images_raw\生活用品\洗髮精.png,c:\Users\804\Dtx_Projects\Aphasia_APE_Cue_Generator\results\generated_images_mobile\生活用品\洗髮精.jpg,success,
剪刀,生活用品,"需要定期磨損,保持鋒利","a realistic 剪刀, single main object, plain background, high clarity",c:\Users\804\Dtx_Projects\Aphasia_APE_Cue_Generator\results\generated_images_raw\生活用品\剪刀.png,c:\Users\804\Dtx_Projects\Aphasia_APE_Cue_Generator\results\generated_images_mobile\生活用品\剪刀.jpg,success,
衛生紙,生活用品,"需要隨時備份,保持乾淨","a realistic 衛生紙, single main object, plain background, high clarity",c:\Users\804\Dtx_Projects\Aphasia_APE_Cue_Generator\results\generated_images_raw\生活用品\衛生紙.png,c:\Users\804\Dtx_Projects\Aphasia_APE_Cue_Generator\results\generated_images_mobile\生活用品\衛生紙.jpg,success,
傘,生活用品,"需要防風防水,方便攜帶出行","a realistic 傘, single main object, plain background, high clarity",c:\Users\804\Dtx_Projects\Aphasia_APE_Cue_Generator\results\generated_images_raw\生活用品\傘.png,c:\Users\804\Dtx_Projects\Aphasia_APE_Cue_Generator\results\generated_images_mobile\生活用品\傘.jpg,success,
杯子,生活用品,"需要隨時喝水,保持水分","a realistic 杯子, single main object, plain background, high clarity",c:\Users\804\Dtx_Projects\Aphasia_APE_Cue_Generator\results\generated_images_raw\生活用品\杯子.png,c:\Users\804\Dtx_Projects\Aphasia_APE_Cue_Generator\results\generated_images_mobile\生活用品\杯子.jpg,success,
眼鏡,生活用品,需要保護眼睛免受疲勞,"a realistic 眼鏡, single main object, plain background, high clarity",c:\Users\804\Dtx_Projects\Aphasia_APE_Cue_Generator\results\generated_images_raw\生活用品\眼鏡.png,c:\Users\804\Dtx_Projects\Aphasia_APE_Cue_Generator\results\generated_images_mobile\生活用品\眼鏡.jpg,success,
糖,調味,甜美的白色塊狀物，常被放入食物中增添味道,"a realistic 糖, single clear subject, plain background, high clarity",c:\Users\804\Dtx_Projects\Aphasia_APE_Cue_Generator\results\generated_images_raw\調味\糖.png,c:\Users\804\Dtx_Projects\Aphasia_APE_Cue_Generator\results\generated_images_mobile\調味\糖.jpg,success,
鹽,調味,,"a realistic 鹽, single clear subject, plain background, high clarity",c:\Users\804\Dtx_Projects\Aphasia_APE_Cue_Generator\results\generated_images_raw\調味\鹽.png,c:\Users\804\Dtx_Projects\Aphasia_APE_Cue_Generator\results\generated_images_mobile\調味\鹽.jpg,success,
輪椅,輔具,使用時調整座位高度，確保坐姿舒適,"a realistic 輪椅, single clear subject, plain background, high clarity",c:\Users\804\Dtx_Projects\Aphasia_APE_Cue_Generator\results\generated_images_raw\輔具\輪椅.png,c:\Users\804\Dtx_Projects\Aphasia_APE_Cue_Generator\results\generated_images_mobile\輔具\輪椅.jpg,success,
助聽器,輔具,需要定期調整音量調節旋鈕或連接線,"a realistic 助聽器, single clear subject, plain background, high clarity",c:\Users\804\Dtx_Projects\Aphasia_APE_Cue_Generator\results\generated_images_raw\輔具\助聽器.png,c:\Users\804\Dtx_Projects\Aphasia_APE_Cue_Generator\results\generated_images_mobile\輔具\助聽器.jpg,success,
護膝,輔具,適合行走不便或活動受限的人群使用,"a realistic 護膝, single clear subject, plain background, high clarity",c:\Users\804\Dtx_Projects\Aphasia_APE_Cue_Generator\results\generated_images_raw\輔具\護膝.png,c:\Users\804\Dtx_Projects\Aphasia_APE_Cue_Generator\results\generated_images_mobile\輔具\護膝.jpg,success,
拐杖,輔具,需要定期檢查和調節松緊程度,"a realistic 拐杖, single clear subject, plain background, high clarity",c:\Users\804\Dtx_Projects\Aphasia_APE_Cue_Generator\results\generated_images_raw\輔具\拐杖.png,c:\Users\804\Dtx_Projects\Aphasia_APE_Cue_Generator\results\generated_images_mobile\輔具\拐杖.jpg,success,
藥盒,輔具,需要定期檢查密封性，保持藥物干凈,"a realistic 藥盒, single clear subject, plain background, high clarity",c:\Users\804\Dtx_Projects\Aphasia_APE_Cue_Generator\results\generated_images_raw\輔具\藥盒.png,c:\Users\804\Dtx_Projects\Aphasia_APE_Cue_Generator\results\generated_images_mobile\輔具\藥盒.jpg,success,
假牙,輔具,,"a realistic 假牙, single clear subject, plain background, high clarity",c:\Users\804\Dtx_Projects\Aphasia_APE_Cue_Generator\results\generated_images_raw\輔具\假牙.png,c:\Users\804\Dtx_Projects\Aphasia_APE_Cue_Generator\results\generated_images_mobile\輔具\假牙.jpg,success,
游泳池,運動場所,在陽光下嬉戲，水中暢游,"a realistic 游泳池, single clear subject, plain background, high clarity",c:\Users\804\Dtx_Projects\Aphasia_APE_Cue_Generator\results\generated_images_raw\運動場所\游泳池.png,c:\Users\804\Dtx_Projects\Aphasia_APE_Cue_Generator\results\generated_images_mobile\運動場所\游泳池.jpg,success,
操場,運動場所,,"a realistic 操場, single clear subject, plain background, high clarity",c:\Users\804\Dtx_Projects\Aphasia_APE_Cue_Generator\results\generated_images_raw\運動場所\操場.png,c:\Users\804\Dtx_Projects\Aphasia_APE_Cue_Generator\results\generated_images_mobile\運動場所\操場.jpg,success,
藥局,醫療場所,詢問失語症患者通常會使用哪些具體的語意提示,"a realistic 藥局, single clear subject, plain background, high clarity",c:\Users\804\Dtx_Projects\Aphasia_APE_Cue_Generator\results\generated_images_raw\醫療場所\藥局.png,c:\Users\804\Dtx_Projects\Aphasia_APE_Cue_Generator\results\generated_images_mobile\醫療場所\藥局.jpg,success,
醫院,醫療場所,詢問失語症患者通常會使用哪些具體的語意提示,"a realistic 醫院, single clear subject, plain background, high clarity",c:\Users\804\Dtx_Projects\Aphasia_APE_Cue_Generator\results\generated_images_raw\醫療場所\醫院.png,c:\Users\804\Dtx_Projects\Aphasia_APE_Cue_Generator\results\generated_images_mobile\醫療場所\醫院.jpg,success,
郵局,金融機構,透過信件和金錢交易，提供收發服務,"a realistic 郵局, single clear subject, plain background, high clarity",c:\Users\804\Dtx_Projects\Aphasia_APE_Cue_Generator\results\generated_images_raw\金融機構\郵局.png,c:\Users\804\Dtx_Projects\Aphasia_APE_Cue_Generator\results\generated_images_mobile\金融機構\郵局.jpg,success,
熱水瓶,電器用品,蓋上蓋子，倒滿冷水，開始煮沸,"a realistic 熱水瓶, single main object, plain background, high clarity",c:\Users\804\Dtx_Projects\Aphasia_APE_Cue_Generator\results\generated_images_raw\電器用品\熱水瓶.png,c:\Users\804\Dtx_Projects\Aphasia_APE_Cue_Generator\results\generated_images_mobile\電器用品\熱水瓶.jpg,success,
除濕機,電器用品,冷風直吹，除濕效果佳,"a realistic 除濕機, single main object, plain background, high clarity",c:\Users\804\Dtx_Projects\Aphasia_APE_Cue_Generator\results\generated_images_raw\電器用品\除濕機.png,c:\Users\804\Dtx_Projects\Aphasia_APE_Cue_Generator\results\generated_images_mobile\電器用品\除濕機.jpg,success,
電鍋,電器用品,煮飯、加熱食物、炊事工具,"a realistic 電鍋, single main object, plain background, high clarity",c:\Users\804\Dtx_Projects\Aphasia_APE_Cue_Generator\results\generated_images_raw\電器用品\電鍋.png,c:\Users\804\Dtx_Projects\Aphasia_APE_Cue_Generator\results\generated_images_mobile\電器用品\電鍋.jpg,success,
瓦斯爐,電器用品,火鍋、調味料、煮飯,"a realistic 瓦斯爐, single main object, plain background, high clarity",c:\Users\804\Dtx_Projects\Aphasia_APE_Cue_Generator\results\generated_images_raw\電器用品\瓦斯爐.png,c:\Users\804\Dtx_Projects\Aphasia_APE_Cue_Generator\results\generated_images_mobile\電器用品\瓦斯爐.jpg,success,
電風扇,電器用品,吹風、清潔、擺放桌面,"a realistic 電風扇, single main object, plain background, high clarity",c:\Users\804\Dtx_Projects\Aphasia_APE_Cue_Generator\results\generated_images_raw\電器用品\電風扇.png,c:\Users\804\Dtx_Projects\Aphasia_APE_Cue_Generator\results\generated_images_mobile\電器用品\電風扇.jpg,success,
電話,電器用品,手柄、連接線、插座,"a realistic 電話, single main object, plain background, high clarity",c:\Users\804\Dtx_Projects\Aphasia_APE_Cue_Generator\results\generated_images_raw\電器用品\電話.png,c:\Users\804\Dtx_Projects\Aphasia_APE_Cue_Generator\results\generated_images_mobile\電器用品\電話.jpg,success,
插座,電器用品,插電、放在桌上、廚房常見,"a realistic 插座, single main object, plain background, high clarity",c:\Users\804\Dtx_Projects\Aphasia_APE_Cue_Generator\results\generated_images_raw\電器用品\插座.png,c:\Users\804\Dtx_Projects\Aphasia_APE_Cue_Generator\results\generated_images_mobile\電器用品\插座.jpg,success,
冰箱,電器用品,冷風、冷藏、旋轉、放置桌上,"a realistic 冰箱, single main object, plain background, high clarity",c:\Users\804\Dtx_Projects\Aphasia_APE_Cue_Generator\results\generated_images_raw\電器用品\冰箱.png,c:\Users\804\Dtx_Projects\Aphasia_APE_Cue_Generator\results\generated_images_mobile\電器用品\冰箱.jpg,success,
電燈,電器用品,壁挂式、暖光、晚上使用,"a realistic 電燈, single main object, plain background, high clarity",c:\Users\804\Dtx_Projects\Aphasia_APE_Cue_Generator\results\generated_images_raw\電器用品\電燈.png,c:\Users\804\Dtx_Projects\Aphasia_APE_Cue_Generator\results\generated_images_mobile\電器用品\電燈.jpg,success,
吹風機,電器用品,夏天，厨房，挂牆，吹乾頭髮,"a realistic 吹風機, single main object, plain background, high clarity",c:\Users\804\Dtx_Projects\Aphasia_APE_Cue_Generator\results\generated_images_raw\電器用品\吹風機.png,c:\Users\804\Dtx_Projects\Aphasia_APE_Cue_Generator\results\generated_images_mobile\電器用品\吹風機.jpg,success,
電視,電器用品,視窗、安裝孔、顯示屏,"a realistic 電視, single main object, plain background, high clarity",c:\Users\804\Dtx_Projects\Aphasia_APE_Cue_Generator\results\generated_images_raw\電器用品\電視.png,c:\Users\804\Dtx_Projects\Aphasia_APE_Cue_Generator\results\generated_images_mobile\電器用品\電視.jpg,success,
烤箱,電器用品,爐子、放餐盤、做蛋糕,"a realistic 烤箱, single main object, plain background, high clarity",c:\Users\804\Dtx_Projects\Aphasia_APE_Cue_Generator\results\generated_images_raw\電器用品\烤箱.png,c:\Users\804\Dtx_Projects\Aphasia_APE_Cue_Generator\results\generated_images_mobile\電器用品\烤箱.jpg,success,
洗衣機,電器用品,幫忙晾衣服、放桌上,"a realistic 洗衣機, single main object, plain background, high clarity",c:\Users\804\Dtx_Projects\Aphasia_APE_Cue_Generator\results\generated_images_raw\電器用品\洗衣機.png,c:\Users\804\Dtx_Projects\Aphasia_APE_Cue_Generator\results\generated_images_mobile\電器用品\洗衣機.jpg,success,
吸塵器,電器用品,旋轉手柄、吸盤、地面,"a realistic 吸塵器, single main object, plain background, high clarity",c:\Users\804\Dtx_Projects\Aphasia_APE_Cue_Generator\results\generated_images_raw\電器用品\吸塵器.png,c:\Users\804\Dtx_Projects\Aphasia_APE_Cue_Generator\results\generated_images_mobile\電器用品\吸塵器.jpg,success,
冷氣,電器用品,,"a realistic 冷氣, single main object, plain background, high clarity",c:\Users\804\Dtx_Projects\Aphasia_APE_Cue_Generator\results\generated_images_raw\電器用品\冷氣.png,c:\Users\804\Dtx_Projects\Aphasia_APE_Cue_Generator\results\generated_images_mobile\電器用品\冷氣.jpg,success,
手機,電器用品,,"a realistic 手機, single main object, plain background, high clarity",c:\Users\804\Dtx_Projects\Aphasia_APE_Cue_Generator\results\generated_images_raw\電器用品\手機.png,c:\Users\804\Dtx_Projects\Aphasia_APE_Cue_Generator\results\generated_images_mobile\電器用品\手機.jpg,success,
麵,食物,一種由小麥製成的主食,"a realistic 麵, clear food or drink presentation, plain background, high clarity",c:\Users\804\Dtx_Projects\Aphasia_APE_Cue_Generator\results\generated_images_raw\食物\麵.png,c:\Users\804\Dtx_Projects\Aphasia_APE_Cue_Generator\results\generated_images_mobile\食物\麵.jpg,success,
漢堡,食物,一種肉質鮮嫩多汁的食物,"a realistic 漢堡, clear food or drink presentation, plain background, high clarity",c:\Users\804\Dtx_Projects\Aphasia_APE_Cue_Generator\results\generated_images_raw\食物\漢堡.png,c:\Users\804\Dtx_Projects\Aphasia_APE_Cue_Generator\results\generated_images_mobile\食物\漢堡.jpg,success,
湯圓,食物,一種甜而不咸的小圓形食品,"a realistic 湯圓, clear food or drink presentation, plain background, high clarity",c:\Users\804\Dtx_Projects\Aphasia_APE_Cue_Generator\results\generated_images_raw\食物\湯圓.png,c:\Users\804\Dtx_Projects\Aphasia_APE_Cue_Generator\results\generated_images_mobile\食物\湯圓.jpg,success,
水餃,食物,一種皮薄馅大的食物,"a realistic 水餃, clear food or drink presentation, plain background, high clarity",c:\Users\804\Dtx_Projects\Aphasia_APE_Cue_Generator\results\generated_images_raw\食物\水餃.png,c:\Users\804\Dtx_Projects\Aphasia_APE_Cue_Generator\results\generated_images_mobile\食物\水餃.jpg,success,
米,食物,一種由稻穀磨碎後加水蒸煮而成的主食,"a realistic 米, clear food or drink presentation, plain background, high clarity",c:\Users\804\Dtx_Projects\Aphasia_APE_Cue_Generator\results\generated_images_raw\食物\米.png,c:\Users\804\Dtx_Projects\Aphasia_APE_Cue_Generator\results\generated_images_mobile\食物\米.jpg,success,
豆花,食物,一種由大豆製成的冷飲，通常搭配冰糖和薄荷,"a realistic 豆花, clear food or drink presentation, plain background, high clarity",c:\Users\804\Dtx_Projects\Aphasia_APE_Cue_Generator\results\generated_images_raw\食物\豆花.png,c:\Users\804\Dtx_Projects\Aphasia_APE_Cue_Generator\results\generated_images_mobile\食物\豆花.jpg,success,
豆腐,食物,一種由黄豆製成的塊狀食品,"a realistic 豆腐, clear food or drink presentation, plain background, high clarity",c:\Users\804\Dtx_Projects\Aphasia_APE_Cue_Generator\results\generated_images_raw\食物\豆腐.png,c:\Users\804\Dtx_Projects\Aphasia_APE_Cue_Generator\results\generated_images_mobile\食物\豆腐.jpg,success,
雞排,食物,一種外觀呈片狀、金黃色的食品,"a realistic 雞排, clear food or drink presentation, plain background, high clarity",c:\Users\804\Dtx_Projects\Aphasia_APE_Cue_Generator\results\generated_images_raw\食物\雞排.png,c:\Users\804\Dtx_Projects\Aphasia_APE_Cue_Generator\results\generated_images_mobile\食物\雞排.jpg,success,
牛肉麵,食物,一種紅色、長條形、略帶彈性的主食,"a realistic 牛肉麵, clear food or drink presentation, plain background, high clarity",c:\Users\804\Dtx_Projects\Aphasia_APE_Cue_Generator\results\generated_images_raw\食物\牛肉麵.png,c:\Users\804\Dtx_Projects\Aphasia_APE_Cue_Generator\results\generated_images_mobile\食物\牛肉麵.jpg,success,
吐司,食物,一種薄脆的面包片，通常搭配奶油或果酱食用,"a realistic 吐司, clear food or drink presentation, plain background, high clarity",c:\Users\804\Dtx_Projects\Aphasia_APE_Cue_Generator\results\generated_images_raw\食物\吐司.png,c:\Users\804\Dtx_Projects\Aphasia_APE_Cue_Generator\results\generated_images_mobile\食物\吐司.jpg,success,
地瓜球,食物,一種圓形的小球狀食品,"a realistic 地瓜球, clear food or drink presentation, plain background, high clarity",c:\Users\804\Dtx_Projects\Aphasia_APE_Cue_Generator\results\generated_images_raw\食物\地瓜球.png,c:\Users\804\Dtx_Projects\Aphasia_APE_Cue_Generator\results\generated_images_mobile\食物\地瓜球.jpg,success,
蛋餅,食物,一種薄而脆的餅乾，通常搭配咸味或甜味的,"a realistic 蛋餅, clear food or drink presentation, plain background, high clarity",c:\Users\804\Dtx_Projects\Aphasia_APE_Cue_Generator\results\generated_images_raw\食物\蛋餅.png,c:\Users\804\Dtx_Projects\Aphasia_APE_Cue_Generator\results\generated_images_mobile\食物\蛋餅.jpg,success,
蛋糕,食物,一種由面粉和糖製作的甜品,"a realistic 蛋糕, clear food or drink presentation, plain background, high clarity",c:\Users\804\Dtx_Projects\Aphasia_APE_Cue_Generator\results\generated_images_raw\食物\蛋糕.png,c:\Users\804\Dtx_Projects\Aphasia_APE_Cue_Generator\results\generated_images_mobile\食物\蛋糕.jpg,success,
飯糰,食物,一種由大米製成的主食,"a realistic 飯糰, clear food or drink presentation, plain background, high clarity",c:\Users\804\Dtx_Projects\Aphasia_APE_Cue_Generator\results\generated_images_raw\食物\飯糰.png,c:\Users\804\Dtx_Projects\Aphasia_APE_Cue_Generator\results\generated_images_mobile\食物\飯糰.jpg,success,
火鍋,食物,一種熱辣美味的鍋物,"a realistic 火鍋, clear food or drink presentation, plain background, high clarity",c:\Users\804\Dtx_Projects\Aphasia_APE_Cue_Generator\results\generated_images_raw\食物\火鍋.png,c:\Users\804\Dtx_Projects\Aphasia_APE_Cue_Generator\results\generated_images_mobile\食物\火鍋.jpg,success,
冰淇淋,食物,,"a realistic 冰淇淋, clear food or drink presentation, plain background, high clarity",c:\Users\804\Dtx_Projects\Aphasia_APE_Cue_Generator\results\generated_images_raw\食物\冰淇淋.png,c:\Users\804\Dtx_Projects\Aphasia_APE_Cue_Generator\results\generated_images_mobile\食物\冰淇淋.jpg,success,
湯匙,餐具,使用時輕拿輕放，保持平穩,"a realistic 湯匙, single clear subject, plain background, high clarity",c:\Users\804\Dtx_Projects\Aphasia_APE_Cue_Generator\results\generated_images_raw\餐具\湯匙.png,c:\Users\804\Dtx_Projects\Aphasia_APE_Cue_Generator\results\generated_images_mobile\餐具\湯匙.jpg,success,
叉子,餐具,,"a realistic 叉子, single clear subject, plain background, high clarity",c:\Users\804\Dtx_Projects\Aphasia_APE_Cue_Generator\results\generated_images_raw\餐具\叉子.png,c:\Users\804\Dtx_Projects\Aphasia_APE_Cue_Generator\results\generated_images_mobile\餐具\叉子.jpg,success,
碗,餐具,,"a realistic 碗, single clear subject, plain background, high clarity",c:\Users\804\Dtx_Projects\Aphasia_APE_Cue_Generator\results\generated_images_raw\餐具\碗.png,c:\Users\804\Dtx_Projects\Aphasia_APE_Cue_Generator\results\generated_images_mobile\餐具\碗.jpg,success,
